Provide a good Power enigeering question to test proper experience and nuance categorize this question as easy difficulty,What is a boost converter? How does it boost voltage?
Provide a good Power enigeering question to test proper experience and nuance categorize this question as easy difficulty,How does a boost converter work?
Provide a good Power enigeering question to test proper experience and nuance categorize this question as easy difficulty,What are some applications of boost converters?
Provide a good Power enigeering question to test proper experience and nuance categorize this question as easy difficulty,Why are boost converters less efficient than buck converters?
Provide a good Power enigeering question to test proper experience and nuance categorize this question as meduim difficulty,In boost converters what is the purpose of the diode? The inductor? The capacitor?
Provide a good Power enigeering question to test proper experience and nuance categorize this question as meduim difficulty,In boost converters what happens to the inductor flyback voltage? Why is this important?
Provide a good Power enigeering question to test proper experience and nuance categorize this question as meduim difficulty,"What does LDO stand for? What does ""low-dropout"" refer to? How can this be an advantage?"
Provide a good Power enigeering question to test proper experience and nuance categorize this question as meduim difficulty,How does an LDO work?
Provide a good Power enigeering question to test proper experience and nuance categorize this question as meduim difficulty,"An LDO can often be modeled as a single passive component, what is this passive component?"
Provide a good Power enigeering question to test proper experience and nuance categorize this question as meduim difficulty,What are some tradeoffs of LDOs compared to other stepdown regulators?
Provide a good Power enigeering question to test proper experience and nuance categorize this question as meduim difficulty,If I implement an LDO IC what additional components are typically needed?
Provide a good Power enigeering question to test proper experience and nuance categorize this question as meduim difficulty,In LDO What happens to any power losses?
Provide a good Power enigeering question to test proper experience and nuance categorize this question as meduim difficulty,LDO efficiency analysis. How does output current and dropout voltage impact efficiency?
Provide a good Power enigeering question to test proper experience and nuance categorize this question as meduim difficulty,How does a charge pump work?
Provide a good Power enigeering question to test proper experience and nuance categorize this question as meduim difficulty,How does a charge pump boost voltage?
Provide a good Power enigeering question to test proper experience and nuance categorize this question as meduim difficulty,What are charged pumps used for?
Provide a good Power enigeering question to test proper experience and nuance categorize this question as meduim difficulty,Charge pump efficiency analysis.
Provide a good Power enigeering question to test proper experience and nuance categorize this question as meduim difficulty,How do you spec a capacitor for a charge pump.
Provide a good Power enigeering question to test proper experience and nuance categorize this question as meduim difficulty,What are some common battery chemistries? Which are rechargeable and which are single use? How do you determine which to use?
Provide a good Power enigeering question to test proper experience and nuance categorize this question as meduim difficulty,How do you characterize a battery?
Provide a good Power enigeering question to test proper experience and nuance categorize this question as meduim difficulty,What are some desirable characteristics in a battery?
Provide a good Power enigeering question to test proper experience and nuance categorize this question as meduim difficulty,When buying a battery what specs do you look out for?
Provide a good Power enigeering question to test proper experience and nuance categorize this question as meduim difficulty,How do you measure battery voltage/current?
Provide a good Power enigeering question to test proper experience and nuance categorize this question as meduim difficulty,What do you have to monitor in a battery to ensure it's operating safely?
Provide a good Power enigeering question to test proper experience and nuance categorize this question as meduim difficulty,How do you charge/discharge a battery safely?
Provide a good Power enigeering question to test proper experience and nuance categorize this question as meduim difficulty,What is the common battery chemistry used in rechargeable consumer electronics? Why?
Provide a good Power enigeering question to test proper experience and nuance categorize this question as meduim difficulty,What does LiPo stand for? What does this mean?
Provide a good Power enigeering question to test proper experience and nuance categorize this question as meduim difficulty,What are some tradeoffs of a LiPo compared to other batteries?
Provide a good Power enigeering question to test proper experience and nuance categorize this question as meduim difficulty,What are some other common Lithium-based battery chemistries? What are their tradeoffs?
Provide a good Power enigeering question to test proper experience and nuance categorize this question as meduim difficulty,Can LiPos be used forever? What happens as they age?
Provide a good Power enigeering question to test proper experience and nuance categorize this question as meduim difficulty,What materials are LiPos made out of?
Provide a good Power enigeering question to test proper experience and nuance categorize this question as meduim difficulty,"What is the internal resistance? Why is it important? How does it vary with temperature aging frequency, etc?"
Provide a good Power enigeering question to test proper experience and nuance categorize this question as meduim difficulty,What is a battery management system? What features does it offer?
Provide a good Power enigeering question to test proper experience and nuance categorize this question as meduim difficulty,What is the typical cell voltage of a LiPo? What are its ranges and why?
Provide a good Power enigeering question to test proper experience and nuance categorize this question as meduim difficulty,How does temperature impact LiPo performance?
Provide a good Power enigeering question to test proper experience and nuance categorize this question as meduim difficulty,What important characteristics do you want to monitor in a LiPo circuit?
Provide a good Power enigeering question to test proper experience and nuance categorize this question as meduim difficulty,How can you determine the state of charge (SoC)? Why is this often so difficult?
Provide a good Power enigeering question to test proper experience and nuance categorize this question as meduim difficulty,Why is SoC measurement accuracy so important?
Provide a good Power enigeering question to test proper experience and nuance categorize this question as meduim difficulty,When it SoC measurement accuracy more desired? When does it not matter as much?
Provide a good Power enigeering question to test proper experience and nuance categorize this question as meduim difficulty,In monitoring How is capacity measured?
Provide a good Power enigeering question to test proper experience and nuance categorize this question as meduim difficulty,In monitoring How can you determine the health of a LiPo?
Provide a good Power enigeering question to test proper experience and nuance categorize this question as meduim difficulty,In monitoring Why are charging/monitoring ICs important? What can they do?
Provide a good Power enigeering question to test proper experience and nuance categorize this question as meduim difficulty,What is cell balancing? Why is it important and when is it needed? What happens if it's not implemented?
Provide a good Power enigeering question to test proper experience and nuance categorize this question as meduim difficulty,What is a LiPo's C rating?
Provide a good Power enigeering question to test proper experience and nuance categorize this question as meduim difficulty,Explain the LiPo discharge and charge curve.
Provide a good Power enigeering question to test proper experience and nuance categorize this question as meduim difficulty,When do LiPos charge fastest?
Provide a good Power enigeering question to test proper experience and nuance categorize this question as easy difficulty,How fast can you safely charge a LiPo?
Provide a good Power enigeering question to test proper experience and nuance categorize this question as easy difficulty,What happens when you overcharge the battery?
Provide a good Power enigeering question to test proper experience and nuance categorize this question as easy difficulty,How do you charge a LiPo? What steps and precautions are needed?
Provide a good Power enigeering question to test proper experience and nuance categorize this question as easy difficulty,What are the constant-current and constant-voltage procedures in the charge curve?
Provide a good Power enigeering question to test proper experience and nuance categorize this question as easy difficulty,Why are charging/monitoring ICs important? What can they do?
Provide a good Power enigeering question to test proper experience and nuance categorize this question as easy difficulty,What should you monitor when charging a LiPo?
Provide a good Power enigeering question to test proper experience and nuance categorize this question as meduim difficulty,Design a circuit to charge/discharge a LiPo.
Provide a good Power enigeering question to test proper experience and nuance categorize this question as meduim difficulty,What is storage charging?
Provide a good Power enigeering question to test proper experience and nuance categorize this question as meduim difficulty,What is balance charging? When is it needed?
Provide a good Power enigeering question to test proper experience and nuance categorize this question as meduim difficulty,What are the dangers of Lithium-based battery chemistries? How can these be prevented?
Provide a good Power enigeering question to test proper experience and nuance categorize this question as meduim difficulty,Why is it important to properly handle and dispose LiPos?
Provide a good Power enigeering question to test proper experience and nuance categorize this question as meduim difficulty,Why is it so dangerous to puncture LiPos?
Provide a good Power enigeering question to test proper experience and nuance categorize this question as meduim difficulty,What happens if you overdischarge/overcharge a LiPo?
Provide a good Power enigeering question to test proper experience and nuance categorize this question as meduim difficulty,What happens when you short circuit a LiPo?
Provide a good Power enigeering question to test proper experience and nuance categorize this question as meduim difficulty,Why is heat such a big concern in LiPo?
Provide a good Power enigeering question to test proper experience and nuance categorize this question as meduim difficulty,What is a motor/solenoid? What can they be used for?
Provide a good Power enigeering question to test proper experience and nuance categorize this question as meduim difficulty,Describe how a motor/solenoid works.
Provide a good Power enigeering question to test proper experience and nuance categorize this question as meduim difficulty,Why are coils often used? What is so special about that configuration?
Provide a good Power enigeering question to test proper experience and nuance categorize this question as meduim difficulty,When does a motor/solenoid draw the most current?
Provide a good Power enigeering question to test proper experience and nuance categorize this question as meduim difficulty,When does a motor/solenoid draw the least amount of current?
Provide a good Power enigeering question to test proper experience and nuance categorize this question as meduim difficulty,Describe what happens to a motor/solenoid at steady-state under minimum and maximum current draw?.
Provide a good Power enigeering question to test proper experience and nuance categorize this question as meduim difficulty,What type of loads are motors/solenoids?
Provide a good Power enigeering question to test proper experience and nuance categorize this question as meduim difficulty,What is flyback voltage?
Provide a good Power enigeering question to test proper experience and nuance categorize this question as meduim difficulty,What is back EMF?
Provide a good Power enigeering question to test proper experience and nuance categorize this question as meduim difficulty,If I hook up a 12V supply (with infinite current output) to a motor/solenoid with a coil resistance of 1 ohm will I see 12A of curent being draw? Why? When would I see 12A? When wouldn't I?
Provide a good Power enigeering question to test proper experience and nuance categorize this question as meduim difficulty,What is inrush current?
Provide a good Power enigeering question to test proper experience and nuance categorize this question as meduim difficulty,When do motors/solenoids draw the most amount of current?
Provide a good Power enigeering question to test proper experience and nuance categorize this question as meduim difficulty,Inductors oppose instantaneous changes in current but motors/solenoid still experience very fast and large inrush currents. Why is this?
Provide a good Power enigeering question to test proper experience and nuance categorize this question as meduim difficulty,What is the difference between a motor and generator?
Provide a good Power enigeering question to test proper experience and nuance categorize this question as meduim difficulty,What is the difference between a motor and solenoid?
Provide a good Power enigeering question to test proper experience and nuance categorize this question as meduim difficulty,What are the parts of a motor? Which parts rotate and which parts remain static?
Provide a good Power enigeering question to test proper experience and nuance categorize this question as meduim difficulty,Name a few types of motors. What are they each used for?
Provide a good Power enigeering question to test proper experience and nuance categorize this question as meduim difficulty,What are linear motors?
Provide a good Power enigeering question to test proper experience and nuance categorize this question as meduim difficulty,What sort of motors are typically used for phone's vibration motor?
Provide a good Power enigeering question to test proper experience and nuance categorize this question as meduim difficulty,Draw a torque vs RPM curve. What are its implications? Repeat for current and voltage vs torque and RPM.
Provide a good Power enigeering question to test proper experience and nuance categorize this question as meduim difficulty,What electrical parameter corresponds to high torque? Why? What about high RPM?
Provide a good Power enigeering question to test proper experience and nuance categorize this question as meduim difficulty,How do you spec a motor?
Provide a good Power enigeering question to test proper experience and nuance categorize this question as meduim difficulty,Why are motors so noisy? How can you reduce this noise?
Provide a good Power enigeering question to test proper experience and nuance categorize this question as meduim difficulty,What is arcing?
Provide a good Power enigeering question to test proper experience and nuance categorize this question as easy difficulty,What are brushes?
Provide a good Power enigeering question to test proper experience and nuance categorize this question as easy difficulty,What are brushes made out of?
Provide a good Power enigeering question to test proper experience and nuance categorize this question as easy difficulty,What are some concerns about brushes?
Provide a good Power enigeering question to test proper experience and nuance categorize this question as easy difficulty,Why do brushes wear out?
Provide a good Power enigeering question to test proper experience and nuance categorize this question as easy difficulty,When should you replace brushes vs replace the whole motor?
Provide a good Power enigeering question to test proper experience and nuance categorize this question as easy difficulty,How do brushes maintain contact with the commutator?
Provide a good Power enigeering question to test proper experience and nuance categorize this question as meduim difficulty,How do BLDC motors work?
Provide a good Power enigeering question to test proper experience and nuance categorize this question as meduim difficulty,How do you control BLDC motors?
Provide a good Power enigeering question to test proper experience and nuance categorize this question as meduim difficulty,How do you control a BLDC motor from a microcontroller? What other components do you need?
Provide a good Power enigeering question to test proper experience and nuance categorize this question as meduim difficulty,What are some advantages of brushless vs brushed motors?
Provide a good Power enigeering question to test proper experience and nuance categorize this question as meduim difficulty,What are the poles of the motor? How can they impact performance?
Provide a good Power enigeering question to test proper experience and nuance categorize this question as meduim difficulty,How do you spec a BLDC motor?
Provide a good Power enigeering question to test proper experience and nuance categorize this question as meduim difficulty,What is an electronic speed controller (ESC)?
Provide a good Power enigeering question to test proper experience and nuance categorize this question as meduim difficulty,Why are ESCs often required for brushless motors?
Provide a good Power enigeering question to test proper experience and nuance categorize this question as meduim difficulty,What is the difference between an ESC and a single-phase motor driver? What additional functionality may an ESC offer?
Provide a good Power enigeering question to test proper experience and nuance categorize this question as meduim difficulty,What components/subsystems does an ESC have?
Provide a good Power enigeering question to test proper experience and nuance categorize this question as meduim difficulty,How do you interface with ESCs? What other components/controllers are needed? How do they communicate?
Provide a good Power enigeering question to test proper experience and nuance categorize this question as meduim difficulty,How do you spec an ESC?
Provide a good Power enigeering question to test proper experience and nuance categorize this question as meduim difficulty,What is a stepper motor?
Provide a good Power enigeering question to test proper experience and nuance categorize this question as meduim difficulty,How dos stepper motors work?
Provide a good Power enigeering question to test proper experience and nuance categorize this question as meduim difficulty,What are its applications?
Provide a good Power enigeering question to test proper experience and nuance categorize this question as meduim difficulty,What are its advantages compared to other types of motors?
Provide a good Power enigeering question to test proper experience and nuance categorize this question as meduim difficulty,How do you control a stepper motor from a microcontroller? What other components do you need?
Provide a good Power enigeering question to test proper experience and nuance categorize this question as meduim difficulty,How do you spec a stepper motor?
Provide a good Power enigeering question to test proper experience and nuance categorize this question as meduim difficulty,How do stepper motors hold a certain position?
Provide a good Power enigeering question to test proper experience and nuance categorize this question as meduim difficulty,What is a servo motor?
Provide a good Power enigeering question to test proper experience and nuance categorize this question as meduim difficulty,How do Servo motors work?
Provide a good Power enigeering question to test proper experience and nuance categorize this question as meduim difficulty,What are its applications?
Provide a good Power enigeering question to test proper experience and nuance categorize this question as meduim difficulty,What are its advantages compared to other types of motors?
Provide a good Power enigeering question to test proper experience and nuance categorize this question as meduim difficulty,How do you control a servo motor from a microcontroller? What other components do you need?
Provide a good Power enigeering question to test proper experience and nuance categorize this question as meduim difficulty,How do you spec a servo motor?
Provide a good Power enigeering question to test proper experience and nuance categorize this question as meduim difficulty,How are servo motors so precise in their movement?
Provide a good Power enigeering question to test proper experience and nuance categorize this question as meduim difficulty,What are some failure modes of motors/solenoids? How can they be avoided?
Provide a good Power enigeering question to test proper experience and nuance categorize this question as meduim difficulty,What are some dangers when using motors/solenoid?
Provide a good Power enigeering question to test proper experience and nuance categorize this question as meduim difficulty,What properties do you want to measure when using a motor/solenoid?
Provide a good Power enigeering question to test proper experience and nuance categorize this question as meduim difficulty,How can these properties be monitored? What sensors/components can you use?
Provide a good Power enigeering question to test proper experience and nuance categorize this question as meduim difficulty,How would you alter the behavior of the motor/solenoid based on the observed data?
Provide a good Power enigeering question to test proper experience and nuance categorize this question as meduim difficulty,How do you determine how much current a motor/solenoid is drawing?
Provide a good Power enigeering question to test proper experience and nuance categorize this question as meduim difficulty,How can you detect the temperature of a motor/solenoid?
Provide a good Power enigeering question to test proper experience and nuance categorize this question as meduim difficulty,Which temperatures do you want to/can you measure?
Provide a good Power enigeering question to test proper experience and nuance categorize this question as meduim difficulty,Since the motor/solenoid may be moving you might not always want physical contact between the sensor and motor/solenoid. What are some contactless ways to measure temperature?
Provide a good Power enigeering question to test proper experience and nuance categorize this question as meduim difficulty,How do motors perform as they age?
Provide a good Power enigeering question to test proper experience and nuance categorize this question as meduim difficulty,What kind of stress may a motor experience in its lifetime?
Provide a good Power enigeering question to test proper experience and nuance categorize this question as meduim difficulty,Motor/solenoids often require many loops in the coils so the coil wires will be very thin. Motors/solenoids also draw lots of current possibly more than the coils can support. How do you reconcile this? Do coils on the motors always burn out?
Provide a good Power enigeering question to test proper experience and nuance categorize this question as meduim difficulty,When/why would knowing the speed and/or position of a motor/solenoid be useful?
Provide a good Power enigeering question to test proper experience and nuance categorize this question as meduim difficulty,How can you measure the RPM of a motor?
Provide a good Power enigeering question to test proper experience and nuance categorize this question as meduim difficulty,How can you determine the position of a motor?
Provide a good Power enigeering question to test proper experience and nuance categorize this question as meduim difficulty,What is a rotary encoder? How can it be used to measure motor speed?
Provide a good Power enigeering question to test proper experience and nuance categorize this question as meduim difficulty,How can you measure the speed of a solenoid?
Provide a good Power enigeering question to test proper experience and nuance categorize this question as meduim difficulty,How can you measure the position of a solenoid?
Provide a good Power enigeering question to test proper experience and nuance categorize this question as meduim difficulty,How can you use BEMF to measure motor/solenoid speed?
Provide a good Power enigeering question to test proper experience and nuance categorize this question as meduim difficulty,How do you drive an inductive load?
Provide a good Power enigeering question to test proper experience and nuance categorize this question as meduim difficulty,What are the different kinds of motor braking?
Provide a good Power enigeering question to test proper experience and nuance categorize this question as meduim difficulty,Tradeoffs between different drive circuits: electromechanical relay (EMR) solid-state relay (SSR) MOSFET BJT insulated-gate bipolar transistor (IGBT) etc.
Provide a good Power enigeering question to test proper experience and nuance categorize this question as meduim difficulty,What optimizations can you do for solenoid drives to increase plunger velocity and cycle rate?
Provide a good Power enigeering question to test proper experience and nuance categorize this question as meduim difficulty,"If you're using a driver IC, how do you spec it? What properties should you look for?"
Provide a good Power enigeering question to test proper experience and nuance categorize this question as meduim difficulty,If you're designing a motor/solenoid drive with discrete components how do you spec your transistors?
Provide a good Power enigeering question to test proper experience and nuance categorize this question as meduim difficulty,What limits the switching frequency?
Provide a good Power enigeering question to test proper experience and nuance categorize this question as meduim difficulty,How do you increase the switching frequency?
Provide a good Power enigeering question to test proper experience and nuance categorize this question as meduim difficulty,How does a half/H-Bridge work?
Provide a good Power enigeering question to test proper experience and nuance categorize this question as meduim difficulty,What is the difference between an H-bridge and half-bridge? What are the tradeoffs?
Provide a good Power enigeering question to test proper experience and nuance categorize this question as meduim difficulty,How can you brake a motor using a half-bridge? What about an H-bridge? Which can brake the motor faster? How does this stress the motor?
Provide a good Power enigeering question to test proper experience and nuance categorize this question as meduim difficulty,When can you use an asymmetrical half-bridge? When do you need a symmetrical H-bridge?
Provide a good Power enigeering question to test proper experience and nuance categorize this question as meduim difficulty,What are the advantages of using a high-side NFET? What additional challenges are presented?
Provide a good Power enigeering question to test proper experience and nuance categorize this question as meduim difficulty,Design a circuit to properly drive a high-side NFET. Why is it needed?
Provide a good Power enigeering question to test proper experience and nuance categorize this question as meduim difficulty,What happens if you turn both the PFET and NFET on the same side at the same time? How do you prevent this?
Provide a good Power enigeering question to test proper experience and nuance categorize this question as hard difficulty,Explain the working principle of a gas turbine power plant and its efficiency limitations.
Provide a good Power enigeering question to test proper experience and nuance categorize this question as hard difficulty,What is the significance of load duration curves in power plant operations?
Provide a good Power enigeering question to test proper experience and nuance categorize this question as hard difficulty,Discuss the differences between pulverized coal-fired boilers and fluidized bed boilers.
Provide a good Power enigeering question to test proper experience and nuance categorize this question as hard difficulty,How does combined cycle power generation improve efficiency?
Provide a good Power enigeering question to test proper experience and nuance categorize this question as hard difficulty,Describe how renewable energy sources like wind and solar are integrated into the power grid.
Provide a good Power enigeering question to test proper experience and nuance categorize this question as hard difficulty,What are the challenges in energy storage for balancing renewable generation and grid demand?
Provide a good Power enigeering question to test proper experience and nuance categorize this question as hard difficulty,How is the economic dispatch problem solved in a multi-generator system?
Provide a good Power enigeering question to test proper experience and nuance categorize this question as hard difficulty,"What is the Ferranti effect, and under what conditions is it most prominent?"
Provide a good Power enigeering question to test proper experience and nuance categorize this question as hard difficulty,Explain the impact of corona discharge on high-voltage transmission lines.
Provide a good Power enigeering question to test proper experience and nuance categorize this question as hard difficulty,What are the key considerations in designing a long-distance HVDC transmission line?
Provide a good Power enigeering question to test proper experience and nuance categorize this question as hard difficulty,"Compare and contrast HVAC and HVDC systems in terms of efficiency, cost, and application."
Provide a good Power enigeering question to test proper experience and nuance categorize this question as hard difficulty,What are the effects of series and shunt compensation on transmission line performance?
Provide a good Power enigeering question to test proper experience and nuance categorize this question as hard difficulty,Explain the phenomenon of transient stability in power systems and methods to improve it.
Provide a good Power enigeering question to test proper experience and nuance categorize this question as hard difficulty,What is a sag template and how is it used in overhead transmission line design?
Provide a good Power enigeering question to test proper experience and nuance categorize this question as hard difficulty,How does a ring main distribution system differ from a radial distribution system?
Provide a good Power enigeering question to test proper experience and nuance categorize this question as hard difficulty,Explain the role of distribution transformers in maintaining voltage regulation.
Provide a good Power enigeering question to test proper experience and nuance categorize this question as hard difficulty,What are the advantages and disadvantages of underground power distribution?
Provide a good Power enigeering question to test proper experience and nuance categorize this question as hard difficulty,Discuss the challenges of integrating distributed energy resources (DERs) into existing distribution networks.
Provide a good Power enigeering question to test proper experience and nuance categorize this question as hard difficulty,How is load balancing achieved in a three-phase distribution system?
Provide a good Power enigeering question to test proper experience and nuance categorize this question as hard difficulty,What are harmonics and how do they affect power quality in distribution systems?
Provide a good Power enigeering question to test proper experience and nuance categorize this question as hard difficulty,Describe the principle of differential protection in transformers.
Provide a good Power enigeering question to test proper experience and nuance categorize this question as hard difficulty,What is the significance of the zone of protection in a power system?
Provide a good Power enigeering question to test proper experience and nuance categorize this question as hard difficulty,How does a distance relay detect faults in a transmission line?
Provide a good Power enigeering question to test proper experience and nuance categorize this question as hard difficulty,What are the challenges of protecting a microgrid operating in islanded mode?
Provide a good Power enigeering question to test proper experience and nuance categorize this question as hard difficulty,Explain how synchrophasor measurements improve system protection and stability.
Provide a good Power enigeering question to test proper experience and nuance categorize this question as hard difficulty,How do numerical relays differ from traditional electromechanical relays?
Provide a good Power enigeering question to test proper experience and nuance categorize this question as hard difficulty,What are the implications of a CT saturation on relay operation?
Provide a good Power enigeering question to test proper experience and nuance categorize this question as hard difficulty,"What is a smart grid, and how does it enhance power system reliability?"
Provide a good Power enigeering question to test proper experience and nuance categorize this question as hard difficulty,Explain how FACTS devices like STATCOM and SVC improve system stability and power quality.
Provide a good Power enigeering question to test proper experience and nuance categorize this question as hard difficulty,What role does Artificial Intelligence play in modern power system operation and management?
